<?xml version='1.0' encoding='UTF-8'?>
<com.webmethods.caf.faces.component.ViewRoot id='jsfwmp5866' >
    <com.webmethods.caf.faces.component.message.FormattedMessages id='zzz0' >
    </com.webmethods.caf.faces.component.message.FormattedMessages>
    <com.webmethods.caf.faces.component.command.html.CommandForm id='defaultForm' >
        <com.webmethods.caf.faces.component.standard.HtmlInputHidden id='changePassword' >
        </com.webmethods.caf.faces.component.standard.HtmlInputHidden>
        <com.webmethods.caf.faces.component.logic.If id='if' >
            <com.webmethods.caf.faces.component.logic.ImportTemplate id='importTemplate' >
                <com.webmethods.caf.faces.component.panel.PropertyGroup id='propertyGroup' >
                    <facet name='label'>
                    <com.webmethods.caf.faces.component.standard.HtmlOutputText id='htmlOutputText' >
                    </com.webmethods.caf.faces.component.standard.HtmlOutputText>
                    </facet>
                    <com.webmethods.caf.faces.component.standard.HtmlPanelGroup id='blockPanel' >
                        <com.webmethods.caf.faces.component.standard.HtmlInputHidden id='hiddenUsernameVal' >
                        </com.webmethods.caf.faces.component.standard.HtmlInputHidden>
                        <com.webmethods.caf.faces.component.panel.PropertyLine id='propertyLine1' >
                            <facet name='message'>
                            <javax.faces.component.UIMessage id='propertyLine1_message' >
                            </javax.faces.component.UIMessage>
                            </facet>
                            <com.webmethods.caf.faces.component.standard.HtmlOutputText id='userNameText' >
                            </com.webmethods.caf.faces.component.standard.HtmlOutputText>
                        </com.webmethods.caf.faces.component.panel.PropertyLine>
                        <com.webmethods.caf.faces.component.panel.PropertyLine id='propertyLine2' >
                            <facet name='message'>
                            <javax.faces.component.UIMessage id='propertyLine2_message' >
                            </javax.faces.component.UIMessage>
                            </facet>
                            <com.webmethods.caf.faces.component.standard.HtmlInputSecret id='htmlInputSecret' >
                            </com.webmethods.caf.faces.component.standard.HtmlInputSecret>
                        </com.webmethods.caf.faces.component.panel.PropertyLine>
                        <com.webmethods.caf.faces.component.panel.PropertyLine id='propertyLine21' >
                            <facet name='message'>
                            <javax.faces.component.UIMessage id='propertyLine21_message' >
                            </javax.faces.component.UIMessage>
                            </facet>
                            <com.webmethods.caf.faces.component.standard.HtmlInputSecret id='htmlInputSecret1' >
                            </com.webmethods.caf.faces.component.standard.HtmlInputSecret>
                        </com.webmethods.caf.faces.component.panel.PropertyLine>
                    </com.webmethods.caf.faces.component.standard.HtmlPanelGroup>
                    <javax.faces.component.UIOutput id='script' >
                    </javax.faces.component.UIOutput>
                    <com.webmethods.caf.faces.component.script.CustomClientScript id='customClientScript' >
                    </com.webmethods.caf.faces.component.script.CustomClientScript>
                    <com.webmethods.caf.faces.component.panel.BlockEdgePanel id='blockEdgePanel' >
                        <facet name='rightEdge'>
                        <com.webmethods.caf.faces.component.standard.HtmlPanelGroup id='blockPanel1' >
                            <com.webmethods.caf.faces.component.command.html.AsyncCommandButton id='submitButton' >
                            </com.webmethods.caf.faces.component.command.html.AsyncCommandButton>
                            <com.webmethods.caf.faces.component.output.html.HtmlButton id='clearButton' >
                            </com.webmethods.caf.faces.component.output.html.HtmlButton>
                        </com.webmethods.caf.faces.component.standard.HtmlPanelGroup>
                        </facet>
                    </com.webmethods.caf.faces.component.panel.BlockEdgePanel>
                    <com.webmethods.caf.faces.component.panel.ModalDialog id='errorDialog' >
                        <facet name='submit'>
                        <com.webmethods.caf.faces.component.command.html.AsyncCommandButton id='button1' >
                        </com.webmethods.caf.faces.component.command.html.AsyncCommandButton>
                        </facet>
                        <com.webmethods.caf.faces.component.standard.HtmlOutputText id='htmlOutputText21' >
                        </com.webmethods.caf.faces.component.standard.HtmlOutputText>
                    </com.webmethods.caf.faces.component.panel.ModalDialog>
                </com.webmethods.caf.faces.component.panel.PropertyGroup>
            </com.webmethods.caf.faces.component.logic.ImportTemplate>
        </com.webmethods.caf.faces.component.logic.If>
        <com.webmethods.caf.faces.component.logic.Else id='else' >
            <com.webmethods.caf.faces.component.logic.ImportTemplate id='importTemplate1' >
                <com.webmethods.caf.faces.component.panel.PropertyGroup id='propertyGroup' >
                    <facet name='label'>
                    <com.webmethods.caf.faces.component.standard.HtmlOutputText id='htmlOutputText2' >
                    </com.webmethods.caf.faces.component.standard.HtmlOutputText>
                    </facet>
                    <com.webmethods.caf.faces.component.panel.BlockEdgePanel id='blockEdgePanel' >
                        <facet name='rightEdge'>
                        <com.webmethods.caf.faces.component.standard.HtmlPanelGroup id='blockPanel1' >
                            <com.webmethods.caf.faces.component.standard.HtmlCommandButton id='htmlCommandButton2' >
                            </com.webmethods.caf.faces.component.standard.HtmlCommandButton>
                            <com.webmethods.caf.faces.component.standard.HtmlCommandButton id='htmlCommandButton1' >
                            </com.webmethods.caf.faces.component.standard.HtmlCommandButton>
                        </com.webmethods.caf.faces.component.standard.HtmlPanelGroup>
                        </facet>
                    </com.webmethods.caf.faces.component.panel.BlockEdgePanel>
                    <com.webmethods.caf.faces.component.panel.BlockEdgePanel id='blockEdgePanel1' >
                        <facet name='rightEdge'>
                        <com.webmethods.caf.faces.component.standard.HtmlPanelGroup id='blockPanel12' >
                            <com.webmethods.caf.faces.component.standard.HtmlCommandButton id='Approve' >
                            </com.webmethods.caf.faces.component.standard.HtmlCommandButton>
                            <com.webmethods.caf.faces.component.standard.HtmlCommandButton id='Reject' >
                            </com.webmethods.caf.faces.component.standard.HtmlCommandButton>
                            <com.webmethods.caf.faces.component.output.html.HtmlButton id='Resend' >
                            </com.webmethods.caf.faces.component.output.html.HtmlButton>
                        </com.webmethods.caf.faces.component.standard.HtmlPanelGroup>
                        </facet>
                    </com.webmethods.caf.faces.component.panel.BlockEdgePanel>
                    <com.webmethods.caf.faces.component.standard.HtmlPanelGroup id='blockPanel' >
                        <com.webmethods.caf.faces.component.panel.PropertyLine id='propertyLine' >
                            <facet name='message'>
                            <javax.faces.component.UIMessage id='propertyLine_message' >
                            </javax.faces.component.UIMessage>
                            </facet>
                            <com.webmethods.caf.faces.component.standard.HtmlOutputText id='htmlOutputText1' >
                            </com.webmethods.caf.faces.component.standard.HtmlOutputText>
                        </com.webmethods.caf.faces.component.panel.PropertyLine>
                        <com.webmethods.caf.faces.component.panel.PropertyLine id='propertyLine1' >
                            <facet name='message'>
                            <javax.faces.component.UIMessage id='propertyLine1_message' >
                            </javax.faces.component.UIMessage>
                            </facet>
                            <com.webmethods.caf.faces.component.standard.HtmlOutputText id='htmlOutputText' >
                            </com.webmethods.caf.faces.component.standard.HtmlOutputText>
                        </com.webmethods.caf.faces.component.panel.PropertyLine>
                        <com.webmethods.caf.faces.component.panel.DisableablePanel id='groupsPanel' >
                            <com.webmethods.caf.faces.component.panel.StaticRow id='null' >
                            </com.webmethods.caf.faces.component.panel.StaticRow>
                            <com.webmethods.caf.faces.component.panel.BlockPanel id='null' >
                                <com.webmethods.caf.faces.component.panel.BlockPanel id='null' >
                                    <com.webmethods.caf.faces.component.panel.StaticRow id='null' >
                                        <com.webmethods.caf.faces.component.panel.StaticCell id='null' >
                                            <com.webmethods.caf.faces.component.standard.HtmlOutputText id='null' >
                                            </com.webmethods.caf.faces.component.standard.HtmlOutputText>
                                            <com.webmethods.caf.faces.component.standard.HtmlOutputText id='null' >
                                            </com.webmethods.caf.faces.component.standard.HtmlOutputText>
                                        </com.webmethods.caf.faces.component.panel.StaticCell>
                                        <com.webmethods.caf.faces.component.panel.StaticCell id='null' >
                                            <com.webmethods.caf.faces.component.toggle.html.HtmlOneWayToggleLink id='ToggleLinkSTD_TMPLT_GRP_CORP------' >
                                                <javax.faces.component.html.HtmlGraphicImage id='null' >
                                                </javax.faces.component.html.HtmlGraphicImage>
                                            </com.webmethods.caf.faces.component.toggle.html.HtmlOneWayToggleLink>
                                        </com.webmethods.caf.faces.component.panel.StaticCell>
                                    </com.webmethods.caf.faces.component.panel.StaticRow>
                                </com.webmethods.caf.faces.component.panel.BlockPanel>
                                <com.webmethods.caf.faces.component.panel.BaseHideablePanel id='HideablePanelSTD_TMPLT_GRP_CORP------' >
                                    <com.webmethods.caf.faces.component.panel.BlockPanel id='PanelSTD_TMPLT_GRP_CORP------' >
                                        <com.webmethods.caf.faces.component.panel.BlockPanel id='null' >
                                            <com.webmethods.caf.faces.component.panel.StaticRow id='null' >
                                                <com.webmethods.caf.faces.component.panel.StaticCell id='null' >
                                                    <com.webmethods.caf.faces.component.panel.StaticRow id='null' >
                                                        <com.webmethods.caf.faces.component.panel.StaticCell id='null' >
                                                            <com.webmethods.caf.faces.component.panel.PropertyLine id='null' >
                                                                <facet name='message'>
                                                                <javax.faces.component.UIMessage id='null' >
                                                                </javax.faces.component.UIMessage>
                                                                </facet>
                                                                <javax.faces.component.html.HtmlInputText id='InputTMPLT_FLD_CORP_CORPNAME-' >
                                                                </javax.faces.component.html.HtmlInputText>
                                                            </com.webmethods.caf.faces.component.panel.PropertyLine>
                                                        </com.webmethods.caf.faces.component.panel.StaticCell>
                                                    </com.webmethods.caf.faces.component.panel.StaticRow>
                                                </com.webmethods.caf.faces.component.panel.StaticCell>
                                                <com.webmethods.caf.faces.component.panel.StaticCell id='null' >
                                                    <com.webmethods.caf.faces.component.panel.StaticRow id='null' >
                                                        <com.webmethods.caf.faces.component.panel.StaticCell id='null' >
                                                            <com.webmethods.caf.faces.component.panel.PropertyLine id='null' >
                                                                <facet name='message'>
                                                                <javax.faces.component.UIMessage id='null' >
                                                                </javax.faces.component.UIMessage>
                                                                </facet>
                                                                <javax.faces.component.html.HtmlInputText id='InputTMPLT_FLD_CORP_ORGUNIT--' >
                                                                </javax.faces.component.html.HtmlInputText>
                                                            </com.webmethods.caf.faces.component.panel.PropertyLine>
                                                        </com.webmethods.caf.faces.component.panel.StaticCell>
                                                    </com.webmethods.caf.faces.component.panel.StaticRow>
                                                </com.webmethods.caf.faces.component.panel.StaticCell>
                                            </com.webmethods.caf.faces.component.panel.StaticRow>
                                        </com.webmethods.caf.faces.component.panel.BlockPanel>
                                    </com.webmethods.caf.faces.component.panel.BlockPanel>
                                </com.webmethods.caf.faces.component.panel.BaseHideablePanel>
                            </com.webmethods.caf.faces.component.panel.BlockPanel>
                            <com.webmethods.caf.faces.component.panel.StaticRow id='null' >
                            </com.webmethods.caf.faces.component.panel.StaticRow>
                            <com.webmethods.caf.faces.component.panel.BlockPanel id='null' >
                                <com.webmethods.caf.faces.component.panel.BlockPanel id='null' >
                                    <com.webmethods.caf.faces.component.panel.StaticRow id='null' >
                                        <com.webmethods.caf.faces.component.panel.StaticCell id='null' >
                                            <com.webmethods.caf.faces.component.standard.HtmlOutputText id='null' >
                                            </com.webmethods.caf.faces.component.standard.HtmlOutputText>
                                            <com.webmethods.caf.faces.component.standard.HtmlOutputText id='null' >
                                            </com.webmethods.caf.faces.component.standard.HtmlOutputText>
                                        </com.webmethods.caf.faces.component.panel.StaticCell>
                                        <com.webmethods.caf.faces.component.panel.StaticCell id='null' >
                                            <com.webmethods.caf.faces.component.toggle.html.HtmlOneWayToggleLink id='ToggleLinkTMPLT_GRP_ADDRESS-------' >
                                                <javax.faces.component.html.HtmlGraphicImage id='null' >
                                                </javax.faces.component.html.HtmlGraphicImage>
                                            </com.webmethods.caf.faces.component.toggle.html.HtmlOneWayToggleLink>
                                        </com.webmethods.caf.faces.component.panel.StaticCell>
                                    </com.webmethods.caf.faces.component.panel.StaticRow>
                                </com.webmethods.caf.faces.component.panel.BlockPanel>
                                <com.webmethods.caf.faces.component.panel.BaseHideablePanel id='HideablePanelTMPLT_GRP_ADDRESS-------' >
                                    <com.webmethods.caf.faces.component.panel.BlockPanel id='PanelTMPLT_GRP_ADDRESS-------' >
                                        <com.webmethods.caf.faces.component.panel.BlockPanel id='null' >
                                            <com.webmethods.caf.faces.component.panel.StaticRow id='null' >
                                                <com.webmethods.caf.faces.component.panel.StaticCell id='null' >
                                                    <com.webmethods.caf.faces.component.panel.StaticRow id='null' >
                                                        <com.webmethods.caf.faces.component.panel.StaticCell id='null' >
                                                            <com.webmethods.caf.faces.component.panel.PropertyLine id='null' >
                                                                <facet name='message'>
                                                                <javax.faces.component.UIMessage id='null' >
                                                                </javax.faces.component.UIMessage>
                                                                </facet>
                                                                <javax.faces.component.html.HtmlInputText id='InputTMPLT_FLD_ADDRESS_ADDRS-' >
                                                                </javax.faces.component.html.HtmlInputText>
                                                            </com.webmethods.caf.faces.component.panel.PropertyLine>
                                                        </com.webmethods.caf.faces.component.panel.StaticCell>
                                                    </com.webmethods.caf.faces.component.panel.StaticRow>
                                                    <com.webmethods.caf.faces.component.panel.StaticRow id='null' >
                                                        <com.webmethods.caf.faces.component.panel.StaticCell id='null' >
                                                            <com.webmethods.caf.faces.component.panel.PropertyLine id='null' >
                                                                <facet name='message'>
                                                                <javax.faces.component.UIMessage id='null' >
                                                                </javax.faces.component.UIMessage>
                                                                </facet>
                                                                <javax.faces.component.html.HtmlInputText id='InputTMPLT_FLD_ADDRESS_ADDRS3' >
                                                                </javax.faces.component.html.HtmlInputText>
                                                            </com.webmethods.caf.faces.component.panel.PropertyLine>
                                                        </com.webmethods.caf.faces.component.panel.StaticCell>
                                                    </com.webmethods.caf.faces.component.panel.StaticRow>
                                                    <com.webmethods.caf.faces.component.panel.StaticRow id='null' >
                                                        <com.webmethods.caf.faces.component.panel.StaticCell id='null' >
                                                            <com.webmethods.caf.faces.component.panel.PropertyLine id='null' >
                                                                <facet name='message'>
                                                                <javax.faces.component.UIMessage id='null' >
                                                                </javax.faces.component.UIMessage>
                                                                </facet>
                                                                <javax.faces.component.html.HtmlInputText id='InputTMPLT_FLD_ADDRESS_STATE-' >
                                                                </javax.faces.component.html.HtmlInputText>
                                                            </com.webmethods.caf.faces.component.panel.PropertyLine>
                                                        </com.webmethods.caf.faces.component.panel.StaticCell>
                                                    </com.webmethods.caf.faces.component.panel.StaticRow>
                                                    <com.webmethods.caf.faces.component.panel.StaticRow id='null' >
                                                        <com.webmethods.caf.faces.component.panel.StaticCell id='null' >
                                                            <com.webmethods.caf.faces.component.panel.PropertyLine id='null' >
                                                                <facet name='message'>
                                                                <javax.faces.component.UIMessage id='null' >
                                                                </javax.faces.component.UIMessage>
                                                                </facet>
                                                                <javax.faces.component.html.HtmlInputText id='InputTMPLT_FLD_ADDRESS_CNTRY-' >
                                                                </javax.faces.component.html.HtmlInputText>
                                                            </com.webmethods.caf.faces.component.panel.PropertyLine>
                                                        </com.webmethods.caf.faces.component.panel.StaticCell>
                                                    </com.webmethods.caf.faces.component.panel.StaticRow>
                                                </com.webmethods.caf.faces.component.panel.StaticCell>
                                                <com.webmethods.caf.faces.component.panel.StaticCell id='null' >
                                                    <com.webmethods.caf.faces.component.panel.StaticRow id='null' >
                                                        <com.webmethods.caf.faces.component.panel.StaticCell id='null' >
                                                            <com.webmethods.caf.faces.component.panel.PropertyLine id='null' >
                                                                <facet name='message'>
                                                                <javax.faces.component.UIMessage id='null' >
                                                                </javax.faces.component.UIMessage>
                                                                </facet>
                                                                <javax.faces.component.html.HtmlInputText id='InputTMPLT_FLD_ADDRESS_ADDRS2' >
                                                                </javax.faces.component.html.HtmlInputText>
                                                            </com.webmethods.caf.faces.component.panel.PropertyLine>
                                                        </com.webmethods.caf.faces.component.panel.StaticCell>
                                                    </com.webmethods.caf.faces.component.panel.StaticRow>
                                                    <com.webmethods.caf.faces.component.panel.StaticRow id='null' >
                                                        <com.webmethods.caf.faces.component.panel.StaticCell id='null' >
                                                            <com.webmethods.caf.faces.component.panel.PropertyLine id='null' >
                                                                <facet name='message'>
                                                                <javax.faces.component.UIMessage id='null' >
                                                                </javax.faces.component.UIMessage>
                                                                </facet>
                                                                <javax.faces.component.html.HtmlInputText id='InputTMPLT_FLD_ADDRESS_CITY--' >
                                                                </javax.faces.component.html.HtmlInputText>
                                                            </com.webmethods.caf.faces.component.panel.PropertyLine>
                                                        </com.webmethods.caf.faces.component.panel.StaticCell>
                                                    </com.webmethods.caf.faces.component.panel.StaticRow>
                                                    <com.webmethods.caf.faces.component.panel.StaticRow id='null' >
                                                        <com.webmethods.caf.faces.component.panel.StaticCell id='null' >
                                                            <com.webmethods.caf.faces.component.panel.PropertyLine id='null' >
                                                                <facet name='message'>
                                                                <javax.faces.component.UIMessage id='null' >
                                                                </javax.faces.component.UIMessage>
                                                                </facet>
                                                                <javax.faces.component.html.HtmlInputText id='InputTMPLT_FLD_ADDRESS_PCODE-' >
                                                                </javax.faces.component.html.HtmlInputText>
                                                            </com.webmethods.caf.faces.component.panel.PropertyLine>
                                                        </com.webmethods.caf.faces.component.panel.StaticCell>
                                                    </com.webmethods.caf.faces.component.panel.StaticRow>
                                                </com.webmethods.caf.faces.component.panel.StaticCell>
                                            </com.webmethods.caf.faces.component.panel.StaticRow>
                                        </com.webmethods.caf.faces.component.panel.BlockPanel>
                                    </com.webmethods.caf.faces.component.panel.BlockPanel>
                                </com.webmethods.caf.faces.component.panel.BaseHideablePanel>
                            </com.webmethods.caf.faces.component.panel.BlockPanel>
                            <com.webmethods.caf.faces.component.panel.StaticRow id='null' >
                            </com.webmethods.caf.faces.component.panel.StaticRow>
                            <com.webmethods.caf.faces.component.panel.BlockPanel id='null' >
                                <com.webmethods.caf.faces.component.panel.BlockPanel id='null' >
                                    <com.webmethods.caf.faces.component.panel.StaticRow id='null' >
                                        <com.webmethods.caf.faces.component.panel.StaticCell id='null' >
                                            <com.webmethods.caf.faces.component.standard.HtmlOutputText id='null' >
                                            </com.webmethods.caf.faces.component.standard.HtmlOutputText>
                                            <com.webmethods.caf.faces.component.standard.HtmlOutputText id='null' >
                                            </com.webmethods.caf.faces.component.standard.HtmlOutputText>
                                        </com.webmethods.caf.faces.component.panel.StaticCell>
                                        <com.webmethods.caf.faces.component.panel.StaticCell id='null' >
                                            <com.webmethods.caf.faces.component.toggle.html.HtmlOneWayToggleLink id='ToggleLinkTMPLT_GRP_CONTACT-------' >
                                                <javax.faces.component.html.HtmlGraphicImage id='null' >
                                                </javax.faces.component.html.HtmlGraphicImage>
                                            </com.webmethods.caf.faces.component.toggle.html.HtmlOneWayToggleLink>
                                        </com.webmethods.caf.faces.component.panel.StaticCell>
                                    </com.webmethods.caf.faces.component.panel.StaticRow>
                                </com.webmethods.caf.faces.component.panel.BlockPanel>
                                <com.webmethods.caf.faces.component.panel.BaseHideablePanel id='HideablePanelTMPLT_GRP_CONTACT-------' >
                                    <com.webmethods.caf.faces.component.panel.BlockPanel id='PanelTMPLT_GRP_CONTACT-------' >
                                        <com.webmethods.caf.faces.component.panel.BlockPanel id='null' >
                                            <com.webmethods.caf.faces.component.panel.StaticRow id='null' >
                                                <com.webmethods.caf.faces.component.panel.StaticCell id='null' >
                                                    <com.webmethods.caf.faces.component.panel.StaticRow id='null' >
                                                        <com.webmethods.caf.faces.component.panel.StaticCell id='null' >
                                                            <com.webmethods.caf.faces.component.panel.PropertyLine id='null' >
                                                                <facet name='message'>
                                                                <javax.faces.component.UIMessage id='null' >
                                                                </javax.faces.component.UIMessage>
                                                                </facet>
                                                                <javax.faces.component.html.HtmlSelectOneMenu id='DropDownTMPLT_FLD_CONTACT_IDT---' >
                                                                    <javax.faces.component.UISelectItem id='SelectItemTMPLT_FLD_CONTACT_IDT---Technical' >
                                                                    </javax.faces.component.UISelectItem>
                                                                    <javax.faces.component.UISelectItem id='SelectItemTMPLT_FLD_CONTACT_IDT---Administrative' >
                                                                    </javax.faces.component.UISelectItem>
                                                                </javax.faces.component.html.HtmlSelectOneMenu>
                                                            </com.webmethods.caf.faces.component.panel.PropertyLine>
                                                        </com.webmethods.caf.faces.component.panel.StaticCell>
                                                    </com.webmethods.caf.faces.component.panel.StaticRow>
                                                    <com.webmethods.caf.faces.component.panel.StaticRow id='null' >
                                                        <com.webmethods.caf.faces.component.panel.StaticCell id='null' >
                                                            <com.webmethods.caf.faces.component.panel.PropertyLine id='null' >
                                                                <facet name='message'>
                                                                <javax.faces.component.UIMessage id='null' >
                                                                </javax.faces.component.UIMessage>
                                                                </facet>
                                                                <javax.faces.component.html.HtmlInputText id='InputTMPLT_FLD_CONTACT_FNAME-' >
                                                                </javax.faces.component.html.HtmlInputText>
                                                            </com.webmethods.caf.faces.component.panel.PropertyLine>
                                                        </com.webmethods.caf.faces.component.panel.StaticCell>
                                                    </com.webmethods.caf.faces.component.panel.StaticRow>
                                                    <com.webmethods.caf.faces.component.panel.StaticRow id='null' >
                                                        <com.webmethods.caf.faces.component.panel.StaticCell id='null' >
                                                            <com.webmethods.caf.faces.component.panel.PropertyLine id='null' >
                                                                <facet name='message'>
                                                                <javax.faces.component.UIMessage id='null' >
                                                                </javax.faces.component.UIMessage>
                                                                </facet>
                                                                <javax.faces.component.html.HtmlInputText id='InputTMPLT_FLD_CONTACT_EMail-' >
                                                                </javax.faces.component.html.HtmlInputText>
                                                            </com.webmethods.caf.faces.component.panel.PropertyLine>
                                                        </com.webmethods.caf.faces.component.panel.StaticCell>
                                                    </com.webmethods.caf.faces.component.panel.StaticRow>
                                                    <com.webmethods.caf.faces.component.panel.StaticRow id='null' >
                                                        <com.webmethods.caf.faces.component.panel.StaticCell id='null' >
                                                            <com.webmethods.caf.faces.component.panel.PropertyLine id='null' >
                                                                <facet name='message'>
                                                                <javax.faces.component.UIMessage id='null' >
                                                                </javax.faces.component.UIMessage>
                                                                </facet>
                                                                <javax.faces.component.html.HtmlInputText id='InputTMPLT_FLD_CONTACT_FAX---' >
                                                                </javax.faces.component.html.HtmlInputText>
                                                            </com.webmethods.caf.faces.component.panel.PropertyLine>
                                                        </com.webmethods.caf.faces.component.panel.StaticCell>
                                                    </com.webmethods.caf.faces.component.panel.StaticRow>
                                                    <com.webmethods.caf.faces.component.panel.StaticRow id='null' >
                                                        <com.webmethods.caf.faces.component.panel.StaticCell id='null' >
                                                            <com.webmethods.caf.faces.component.panel.PropertyLine id='null' >
                                                                <facet name='message'>
                                                                <javax.faces.component.UIMessage id='null' >
                                                                </javax.faces.component.UIMessage>
                                                                </facet>
                                                                <javax.faces.component.html.HtmlInputText id='InputTMPLT_FLD_CONTACT_ADDRS-' >
                                                                </javax.faces.component.html.HtmlInputText>
                                                            </com.webmethods.caf.faces.component.panel.PropertyLine>
                                                        </com.webmethods.caf.faces.component.panel.StaticCell>
                                                    </com.webmethods.caf.faces.component.panel.StaticRow>
                                                    <com.webmethods.caf.faces.component.panel.StaticRow id='null' >
                                                        <com.webmethods.caf.faces.component.panel.StaticCell id='null' >
                                                            <com.webmethods.caf.faces.component.panel.PropertyLine id='null' >
                                                                <facet name='message'>
                                                                <javax.faces.component.UIMessage id='null' >
                                                                </javax.faces.component.UIMessage>
                                                                </facet>
                                                                <javax.faces.component.html.HtmlInputText id='InputTMPLT_FLD_CONTACT_ADDRS3' >
                                                                </javax.faces.component.html.HtmlInputText>
                                                            </com.webmethods.caf.faces.component.panel.PropertyLine>
                                                        </com.webmethods.caf.faces.component.panel.StaticCell>
                                                    </com.webmethods.caf.faces.component.panel.StaticRow>
                                                    <com.webmethods.caf.faces.component.panel.StaticRow id='null' >
                                                        <com.webmethods.caf.faces.component.panel.StaticCell id='null' >
                                                            <com.webmethods.caf.faces.component.panel.PropertyLine id='null' >
                                                                <facet name='message'>
                                                                <javax.faces.component.UIMessage id='null' >
                                                                </javax.faces.component.UIMessage>
                                                                </facet>
                                                                <javax.faces.component.html.HtmlInputText id='InputTMPLT_FLD_CONTACT_STATE-' >
                                                                </javax.faces.component.html.HtmlInputText>
                                                            </com.webmethods.caf.faces.component.panel.PropertyLine>
                                                        </com.webmethods.caf.faces.component.panel.StaticCell>
                                                    </com.webmethods.caf.faces.component.panel.StaticRow>
                                                </com.webmethods.caf.faces.component.panel.StaticCell>
                                                <com.webmethods.caf.faces.component.panel.StaticCell id='null' >
                                                    <com.webmethods.caf.faces.component.panel.StaticRow id='null' >
                                                        <com.webmethods.caf.faces.component.panel.StaticCell id='null' >
                                                            <com.webmethods.caf.faces.component.panel.PropertyLine id='null' >
                                                                <facet name='message'>
                                                                <javax.faces.component.UIMessage id='null' >
                                                                </javax.faces.component.UIMessage>
                                                                </facet>
                                                                <javax.faces.component.html.HtmlInputText id='InputTMPLT_FLD_CONTACT_ROLE--' >
                                                                </javax.faces.component.html.HtmlInputText>
                                                            </com.webmethods.caf.faces.component.panel.PropertyLine>
                                                        </com.webmethods.caf.faces.component.panel.StaticCell>
                                                    </com.webmethods.caf.faces.component.panel.StaticRow>
                                                    <com.webmethods.caf.faces.component.panel.StaticRow id='null' >
                                                        <com.webmethods.caf.faces.component.panel.StaticCell id='null' >
                                                            <com.webmethods.caf.faces.component.panel.PropertyLine id='null' >
                                                                <facet name='message'>
                                                                <javax.faces.component.UIMessage id='null' >
                                                                </javax.faces.component.UIMessage>
                                                                </facet>
                                                                <javax.faces.component.html.HtmlInputText id='InputTMPLT_FLD_CONTACT_LNAME-' >
                                                                </javax.faces.component.html.HtmlInputText>
                                                            </com.webmethods.caf.faces.component.panel.PropertyLine>
                                                        </com.webmethods.caf.faces.component.panel.StaticCell>
                                                    </com.webmethods.caf.faces.component.panel.StaticRow>
                                                    <com.webmethods.caf.faces.component.panel.StaticRow id='null' >
                                                        <com.webmethods.caf.faces.component.panel.StaticCell id='null' >
                                                            <com.webmethods.caf.faces.component.panel.PropertyLine id='null' >
                                                                <facet name='message'>
                                                                <javax.faces.component.UIMessage id='null' >
                                                                </javax.faces.component.UIMessage>
                                                                </facet>
                                                                <javax.faces.component.html.HtmlInputText id='InputTMPLT_FLD_CONTACT_TPHON-' >
                                                                </javax.faces.component.html.HtmlInputText>
                                                            </com.webmethods.caf.faces.component.panel.PropertyLine>
                                                        </com.webmethods.caf.faces.component.panel.StaticCell>
                                                    </com.webmethods.caf.faces.component.panel.StaticRow>
                                                    <com.webmethods.caf.faces.component.panel.StaticRow id='null' >
                                                        <com.webmethods.caf.faces.component.panel.StaticCell id='null' >
                                                            <com.webmethods.caf.faces.component.panel.PropertyLine id='null' >
                                                                <facet name='message'>
                                                                <javax.faces.component.UIMessage id='null' >
                                                                </javax.faces.component.UIMessage>
                                                                </facet>
                                                                <javax.faces.component.html.HtmlInputText id='InputTMPLT_FLD_CONTACT_CNTRY-' >
                                                                </javax.faces.component.html.HtmlInputText>
                                                            </com.webmethods.caf.faces.component.panel.PropertyLine>
                                                        </com.webmethods.caf.faces.component.panel.StaticCell>
                                                    </com.webmethods.caf.faces.component.panel.StaticRow>
                                                    <com.webmethods.caf.faces.component.panel.StaticRow id='null' >
                                                        <com.webmethods.caf.faces.component.panel.StaticCell id='null' >
                                                            <com.webmethods.caf.faces.component.panel.PropertyLine id='null' >
                                                                <facet name='message'>
                                                                <javax.faces.component.UIMessage id='null' >
                                                                </javax.faces.component.UIMessage>
                                                                </facet>
                                                                <javax.faces.component.html.HtmlInputText id='InputTMPLT_FLD_CONTACT_ADDRS2' >
                                                                </javax.faces.component.html.HtmlInputText>
                                                            </com.webmethods.caf.faces.component.panel.PropertyLine>
                                                        </com.webmethods.caf.faces.component.panel.StaticCell>
                                                    </com.webmethods.caf.faces.component.panel.StaticRow>
                                                    <com.webmethods.caf.faces.component.panel.StaticRow id='null' >
                                                        <com.webmethods.caf.faces.component.panel.StaticCell id='null' >
                                                            <com.webmethods.caf.faces.component.panel.PropertyLine id='null' >
                                                                <facet name='message'>
                                                                <javax.faces.component.UIMessage id='null' >
                                                                </javax.faces.component.UIMessage>
                                                                </facet>
                                                                <javax.faces.component.html.HtmlInputText id='InputTMPLT_FLD_CONTACT_CITY--' >
                                                                </javax.faces.component.html.HtmlInputText>
                                                            </com.webmethods.caf.faces.component.panel.PropertyLine>
                                                        </com.webmethods.caf.faces.component.panel.StaticCell>
                                                    </com.webmethods.caf.faces.component.panel.StaticRow>
                                                    <com.webmethods.caf.faces.component.panel.StaticRow id='null' >
                                                        <com.webmethods.caf.faces.component.panel.StaticCell id='null' >
                                                            <com.webmethods.caf.faces.component.panel.PropertyLine id='null' >
                                                                <facet name='message'>
                                                                <javax.faces.component.UIMessage id='null' >
                                                                </javax.faces.component.UIMessage>
                                                                </facet>
                                                                <javax.faces.component.html.HtmlInputText id='InputTMPLT_FLD_CONTACT_PCODE-' >
                                                                </javax.faces.component.html.HtmlInputText>
                                                            </com.webmethods.caf.faces.component.panel.PropertyLine>
                                                        </com.webmethods.caf.faces.component.panel.StaticCell>
                                                    </com.webmethods.caf.faces.component.panel.StaticRow>
                                                </com.webmethods.caf.faces.component.panel.StaticCell>
                                            </com.webmethods.caf.faces.component.panel.StaticRow>
                                        </com.webmethods.caf.faces.component.panel.BlockPanel>
                                    </com.webmethods.caf.faces.component.panel.BlockPanel>
                                </com.webmethods.caf.faces.component.panel.BaseHideablePanel>
                            </com.webmethods.caf.faces.component.panel.BlockPanel>
                            <com.webmethods.caf.faces.component.panel.StaticRow id='null' >
                            </com.webmethods.caf.faces.component.panel.StaticRow>
                            <com.webmethods.caf.faces.component.panel.BlockPanel id='null' >
                                <com.webmethods.caf.faces.component.panel.BlockPanel id='null' >
                                    <com.webmethods.caf.faces.component.panel.StaticRow id='null' >
                                        <com.webmethods.caf.faces.component.panel.StaticCell id='null' >
                                            <com.webmethods.caf.faces.component.standard.HtmlOutputText id='null' >
                                            </com.webmethods.caf.faces.component.standard.HtmlOutputText>
                                            <com.webmethods.caf.faces.component.standard.HtmlOutputText id='null' >
                                            </com.webmethods.caf.faces.component.standard.HtmlOutputText>
                                        </com.webmethods.caf.faces.component.panel.StaticCell>
                                        <com.webmethods.caf.faces.component.panel.StaticCell id='null' >
                                            <com.webmethods.caf.faces.component.toggle.html.HtmlOneWayToggleLink id='ToggleLinkTMPLT_GRP_DLVRY_HTTP----' >
                                                <javax.faces.component.html.HtmlGraphicImage id='null' >
                                                </javax.faces.component.html.HtmlGraphicImage>
                                            </com.webmethods.caf.faces.component.toggle.html.HtmlOneWayToggleLink>
                                        </com.webmethods.caf.faces.component.panel.StaticCell>
                                    </com.webmethods.caf.faces.component.panel.StaticRow>
                                </com.webmethods.caf.faces.component.panel.BlockPanel>
                                <com.webmethods.caf.faces.component.panel.BaseHideablePanel id='HideablePanelTMPLT_GRP_DLVRY_HTTP----' >
                                    <com.webmethods.caf.faces.component.panel.BlockPanel id='PanelTMPLT_GRP_DLVRY_HTTP----' >
                                        <com.webmethods.caf.faces.component.panel.BlockPanel id='null' >
                                            <com.webmethods.caf.faces.component.panel.StaticRow id='null' >
                                                <com.webmethods.caf.faces.component.panel.StaticCell id='null' >
                                                    <com.webmethods.caf.faces.component.panel.StaticRow id='null' >
                                                        <com.webmethods.caf.faces.component.panel.StaticCell id='null' >
                                                            <com.webmethods.caf.faces.component.panel.PropertyLine id='null' >
                                                                <facet name='message'>
                                                                <javax.faces.component.UIMessage id='null' >
                                                                </javax.faces.component.UIMessage>
                                                                </facet>
                                                                <javax.faces.component.html.HtmlInputText id='InputTMPLT_FLD_HTTP_DLVMETHD-' >
                                                                </javax.faces.component.html.HtmlInputText>
                                                            </com.webmethods.caf.faces.component.panel.PropertyLine>
                                                        </com.webmethods.caf.faces.component.panel.StaticCell>
                                                    </com.webmethods.caf.faces.component.panel.StaticRow>
                                                    <com.webmethods.caf.faces.component.panel.StaticRow id='null' >
                                                        <com.webmethods.caf.faces.component.panel.StaticCell id='null' >
                                                            <com.webmethods.caf.faces.component.panel.PropertyLine id='null' >
                                                                <facet name='message'>
                                                                <javax.faces.component.UIMessage id='null' >
                                                                </javax.faces.component.UIMessage>
                                                                </facet>
                                                                <javax.faces.component.html.HtmlInputText id='InputTMPLT_FLD_HTTP_PORT-----' >
                                                                </javax.faces.component.html.HtmlInputText>
                                                            </com.webmethods.caf.faces.component.panel.PropertyLine>
                                                        </com.webmethods.caf.faces.component.panel.StaticCell>
                                                    </com.webmethods.caf.faces.component.panel.StaticRow>
                                                    <com.webmethods.caf.faces.component.panel.StaticRow id='null' >
                                                        <com.webmethods.caf.faces.component.panel.StaticCell id='null' >
                                                            <com.webmethods.caf.faces.component.panel.PropertyLine id='null' >
                                                                <facet name='message'>
                                                                <javax.faces.component.UIMessage id='null' >
                                                                </javax.faces.component.UIMessage>
                                                                </facet>
                                                                <javax.faces.component.html.HtmlInputText id='InputTMPLT_FLD_HTTP_USERNAME-' >
                                                                </javax.faces.component.html.HtmlInputText>
                                                            </com.webmethods.caf.faces.component.panel.PropertyLine>
                                                        </com.webmethods.caf.faces.component.panel.StaticCell>
                                                    </com.webmethods.caf.faces.component.panel.StaticRow>
                                                    <com.webmethods.caf.faces.component.panel.StaticRow id='null' >
                                                        <com.webmethods.caf.faces.component.panel.StaticCell id='null' >
                                                            <com.webmethods.caf.faces.component.panel.PropertyLine id='null' >
                                                                <facet name='message'>
                                                                <javax.faces.component.UIMessage id='null' >
                                                                </javax.faces.component.UIMessage>
                                                                </facet>
                                                                <javax.faces.component.html.HtmlInputText id='InputTMPLT_FLD_HTTP_ISPREF---' >
                                                                </javax.faces.component.html.HtmlInputText>
                                                            </com.webmethods.caf.faces.component.panel.PropertyLine>
                                                        </com.webmethods.caf.faces.component.panel.StaticCell>
                                                    </com.webmethods.caf.faces.component.panel.StaticRow>
                                                </com.webmethods.caf.faces.component.panel.StaticCell>
                                                <com.webmethods.caf.faces.component.panel.StaticCell id='null' >
                                                    <com.webmethods.caf.faces.component.panel.StaticRow id='null' >
                                                        <com.webmethods.caf.faces.component.panel.StaticCell id='null' >
                                                            <com.webmethods.caf.faces.component.panel.PropertyLine id='null' >
                                                                <facet name='message'>
                                                                <javax.faces.component.UIMessage id='null' >
                                                                </javax.faces.component.UIMessage>
                                                                </facet>
                                                                <javax.faces.component.html.HtmlInputText id='InputTMPLT_FLD_HTTP_HOST-----' >
                                                                </javax.faces.component.html.HtmlInputText>
                                                            </com.webmethods.caf.faces.component.panel.PropertyLine>
                                                        </com.webmethods.caf.faces.component.panel.StaticCell>
                                                    </com.webmethods.caf.faces.component.panel.StaticRow>
                                                    <com.webmethods.caf.faces.component.panel.StaticRow id='null' >
                                                        <com.webmethods.caf.faces.component.panel.StaticCell id='null' >
                                                            <com.webmethods.caf.faces.component.panel.PropertyLine id='null' >
                                                                <facet name='message'>
                                                                <javax.faces.component.UIMessage id='null' >
                                                                </javax.faces.component.UIMessage>
                                                                </facet>
                                                                <javax.faces.component.html.HtmlInputText id='InputTMPLT_FLD_HTTP_LOCATION-' >
                                                                </javax.faces.component.html.HtmlInputText>
                                                            </com.webmethods.caf.faces.component.panel.PropertyLine>
                                                        </com.webmethods.caf.faces.component.panel.StaticCell>
                                                    </com.webmethods.caf.faces.component.panel.StaticRow>
                                                    <com.webmethods.caf.faces.component.panel.StaticRow id='null' >
                                                        <com.webmethods.caf.faces.component.panel.StaticCell id='null' >
                                                            <com.webmethods.caf.faces.component.panel.PropertyLine id='null' >
                                                                <facet name='message'>
                                                                <javax.faces.component.UIMessage id='null' >
                                                                </javax.faces.component.UIMessage>
                                                                </facet>
                                                                <javax.faces.component.html.HtmlInputText id='InputTMPLT_FLD_HTTP_PASSWORD-' >
                                                                </javax.faces.component.html.HtmlInputText>
                                                            </com.webmethods.caf.faces.component.panel.PropertyLine>
                                                        </com.webmethods.caf.faces.component.panel.StaticCell>
                                                    </com.webmethods.caf.faces.component.panel.StaticRow>
                                                </com.webmethods.caf.faces.component.panel.StaticCell>
                                            </com.webmethods.caf.faces.component.panel.StaticRow>
                                        </com.webmethods.caf.faces.component.panel.BlockPanel>
                                    </com.webmethods.caf.faces.component.panel.BlockPanel>
                                </com.webmethods.caf.faces.component.panel.BaseHideablePanel>
                            </com.webmethods.caf.faces.component.panel.BlockPanel>
                        </com.webmethods.caf.faces.component.panel.DisableablePanel>
                    </com.webmethods.caf.faces.component.standard.HtmlPanelGroup>
                    <com.webmethods.caf.faces.component.panel.BlockEdgePanel id='blockEdgePanel2' >
                        <facet name='rightEdge'>
                        <com.webmethods.caf.faces.component.standard.HtmlPanelGroup id='blockPanel11' >
                            <com.webmethods.caf.faces.component.standard.HtmlCommandButton id='htmlCommandButton21' >
                            </com.webmethods.caf.faces.component.standard.HtmlCommandButton>
                            <com.webmethods.caf.faces.component.standard.HtmlCommandButton id='htmlCommandButton11' >
                            </com.webmethods.caf.faces.component.standard.HtmlCommandButton>
                        </com.webmethods.caf.faces.component.standard.HtmlPanelGroup>
                        </facet>
                    </com.webmethods.caf.faces.component.panel.BlockEdgePanel>
                    <com.webmethods.caf.faces.component.panel.BlockEdgePanel id='blockEdgePanel11' >
                        <facet name='rightEdge'>
                        <com.webmethods.caf.faces.component.standard.HtmlPanelGroup id='blockPanel121' >
                            <com.webmethods.caf.faces.component.standard.HtmlCommandButton id='Approve1' >
                            </com.webmethods.caf.faces.component.standard.HtmlCommandButton>
                            <com.webmethods.caf.faces.component.standard.HtmlCommandButton id='Reject1' >
                            </com.webmethods.caf.faces.component.standard.HtmlCommandButton>
                            <com.webmethods.caf.faces.component.output.html.HtmlButton id='Resend1' >
                            </com.webmethods.caf.faces.component.output.html.HtmlButton>
                        </com.webmethods.caf.faces.component.standard.HtmlPanelGroup>
                        </facet>
                    </com.webmethods.caf.faces.component.panel.BlockEdgePanel>
                </com.webmethods.caf.faces.component.panel.PropertyGroup>
                <com.webmethods.caf.faces.component.panel.ModalDialog id='addReasonsDialog' >
                    <facet name='cancel'>
                    <com.webmethods.caf.faces.component.toggle.html.HtmlOneWayToggleButton id='oneWayToggleButton' >
                    </com.webmethods.caf.faces.component.toggle.html.HtmlOneWayToggleButton>
                    </facet>
                    <facet name='submit'>
                    <com.webmethods.caf.faces.component.standard.HtmlCommandButton id='button' >
                    </com.webmethods.caf.faces.component.standard.HtmlCommandButton>
                    </facet>
                    <facet name='title'>
                    <com.webmethods.caf.faces.component.standard.HtmlOutputText id='htmlOutputText3' >
                    </com.webmethods.caf.faces.component.standard.HtmlOutputText>
                    </facet>
                    <com.webmethods.caf.faces.component.panel.PropertyLine id='propertyLine3' >
                        <facet name='message'>
                        <javax.faces.component.UIMessage id='propertyLine3_message' >
                        </javax.faces.component.UIMessage>
                        </facet>
                        <com.webmethods.caf.faces.component.standard.HtmlOutputText id='htmlOutputText5' >
                        </com.webmethods.caf.faces.component.standard.HtmlOutputText>
                    </com.webmethods.caf.faces.component.panel.PropertyLine>
                    <com.webmethods.caf.faces.component.panel.PropertyLine id='propertyLine23' >
                        <facet name='message'>
                        <javax.faces.component.UIMessage id='propertyLine23_message' >
                        </javax.faces.component.UIMessage>
                        </facet>
                        <com.webmethods.caf.faces.component.standard.HtmlInputText id='htmlInputText' >
                        </com.webmethods.caf.faces.component.standard.HtmlInputText>
                    </com.webmethods.caf.faces.component.panel.PropertyLine>
                    <com.webmethods.caf.faces.component.panel.PropertyLine id='propertyLine2' >
                        <facet name='message'>
                        <javax.faces.component.UIMessage id='propertyLine2_message' >
                        </javax.faces.component.UIMessage>
                        </facet>
                        <com.webmethods.caf.faces.component.standard.HtmlInputTextarea id='htmlInputTextarea' >
                        </com.webmethods.caf.faces.component.standard.HtmlInputTextarea>
                    </com.webmethods.caf.faces.component.panel.PropertyLine>
                </com.webmethods.caf.faces.component.panel.ModalDialog>
            </com.webmethods.caf.faces.component.logic.ImportTemplate>
        </com.webmethods.caf.faces.component.logic.Else>
        <com.webmethods.caf.faces.component.panel.ModalDialog id='successDialog' >
            <facet name='cancel'>
            <com.webmethods.caf.faces.component.toggle.html.HtmlOneWayToggleButton id='oneWayToggleButton' >
            </com.webmethods.caf.faces.component.toggle.html.HtmlOneWayToggleButton>
            </facet>
            <facet name='submit'>
            <com.webmethods.caf.faces.component.command.html.AsyncCommandButton id='button' >
            </com.webmethods.caf.faces.component.command.html.AsyncCommandButton>
            </facet>
            <facet name='title'>
            <com.webmethods.caf.faces.component.standard.HtmlOutputText id='htmlOutputText1' >
            </com.webmethods.caf.faces.component.standard.HtmlOutputText>
            </facet>
            <com.webmethods.caf.faces.component.standard.HtmlOutputText id='htmlOutputText2' >
            </com.webmethods.caf.faces.component.standard.HtmlOutputText>
        </com.webmethods.caf.faces.component.panel.ModalDialog>
    </com.webmethods.caf.faces.component.command.html.CommandForm>
</com.webmethods.caf.faces.component.ViewRoot>
